day,latest_batch_file,cumulative_days,rmse,mae,bias,n_samples,window_start,window_end,event,champion_promoted,scenario,retraining_enabled,drift_start_day,drift_duration_days,maximum_base_uplift,maximum_promo_uplift
1,ground_truth_20260911_074012.csv,1,867.6899432585353,583.5162666666666,-138.03133333333338,150,2015-04-21,2015-04-28,,False,gradual_promo_shift,False,20,14,0.0,-0.25
2,ground_truth_20260911_074034.csv,2,917.956836509575,575.6934666666667,-73.16673333333337,300,2015-04-22,2015-04-29,,False,gradual_promo_shift,False,20,14,0.0,-0.25
3,ground_truth_20260911_074056.csv,3,1030.772995846429,697.1463555555555,-49.75120000000002,450,2015-04-23,2015-04-30,,False,gradual_promo_shift,False,20,14,0.0,-0.25
4,ground_truth_20260911_074118.csv,4,900.9877715253225,527.8446166666668,-32.328550000000014,600,2015-04-24,2015-05-01,,False,gradual_promo_shift,False,20,14,0.0,-0.25
5,ground_truth_20260911_074141.csv,5,1251.9474570259995,757.0115733333332,-124.93365333333333,750,2015-04-25,2015-05-02,,False,gradual_promo_shift,False,20,14,0.0,-0.25
6,ground_truth_20260911_074203.csv,6,1143.4644701478728,632.0755444444444,-102.87881111111112,900,2015-04-26,2015-05-03,,False,gradual_promo_shift,False,20,14,0.0,-0.25
7,ground_truth_20260911_074226.csv,7,1133.4018033513094,663.3888,12.985580952380968,1050,2015-04-27,2015-05-04,,False,gradual_promo_shift,False,20,14,0.0,-0.25
8,ground_truth_20260911_074249.csv,8,1177.6067924254562,729.8610761904762,-115.75938095238094,1050,2015-04-28,2015-05-05,,False,gradual_promo_shift,False,20,14,0.0,-0.25
9,ground_truth_20260911_074312.csv,9,1200.1907504670128,789.4136095238096,-251.60842857142856,1050,2015-04-29,2015-05-06,,False,gradual_promo_shift,False,20,14,0.0,-0.25
10,ground_truth_20260911_074336.csv,10,1199.5339532456524,803.8375428571428,-393.2264952380952,1050,2015-04-30,2015-05-07,,False,gradual_promo_shift,False,20,14,0.0,-0.25
11,ground_truth_20260911_074401.csv,11,1279.7723831670783,943.720438095238,-531.6778666666667,1050,2015-05-01,2015-05-08,,False,gradual_promo_shift,False,20,14,0.0,-0.25
12,ground_truth_20260911_074423.csv,12,1225.0159684311602,914.8795523809524,-560.2795523809524,1050,2015-05-02,2015-05-09,,False,gradual_promo_shift,False,20,14,0.0,-0.25
13,ground_truth_20260911_074446.csv,13,1240.489073201641,920.4200476190476,-566.9375523809524,1050,2015-05-03,2015-05-10,,False,gradual_promo_shift,False,20,14,0.0,-0.25
14,ground_truth_20260911_074510.csv,14,1216.9449366682438,881.9777714285716,-702.0633333333334,1050,2015-05-04,2015-05-11,,False,gradual_promo_shift,False,20,14,0.0,-0.25
15,ground_truth_20260911_074535.csv,15,1161.7505347872154,810.7997238095238,-598.1873238095237,1050,2015-05-05,2015-05-12,,False,gradual_promo_shift,False,20,14,0.0,-0.25
16,ground_truth_20260911_074600.csv,16,1152.451674446554,792.4003428571428,-369.7492380952382,1050,2015-05-06,2015-05-13,,False,gradual_promo_shift,False,20,14,0.0,-0.25
17,ground_truth_20260911_074626.csv,17,1056.952919547102,645.2327714285714,-229.26353333333336,1050,2015-05-07,2015-05-14,,False,gradual_promo_shift,False,20,14,0.0,-0.25
18,ground_truth_20260911_074653.csv,18,1108.264033934496,627.1114095238095,-92.64521904761904,1050,2015-05-08,2015-05-15,,False,gradual_promo_shift,False,20,14,0.0,-0.25
19,ground_truth_20260911_074720.csv,19,1185.4898594931728,670.0834857142858,-184.2148571428571,1050,2015-05-09,2015-05-16,,False,gradual_promo_shift,False,20,14,0.0,-0.25
20,ground_truth_20260911_074746.csv,20,1170.364884641619,665.3608285714284,-176.73901904761902,1050,2015-05-10,2015-05-17,,False,gradual_promo_shift,False,20,14,0.0,-0.25
21,ground_truth_20260911_074812.csv,21,1203.3573648158604,685.5343428571429,-69.51632380952383,1050,2015-05-11,2015-05-18,,False,gradual_promo_shift,False,20,14,0.0,-0.25
22,ground_truth_20260911_074838.csv,22,1236.7890440591948,731.1636476190477,-133.84221904761904,1050,2015-05-12,2015-05-19,,False,gradual_promo_shift,False,20,14,0.0,-0.25
23,ground_truth_20260911_074905.csv,23,1336.9840542638888,829.8700476190477,-445.1381428571428,1050,2015-05-13,2015-05-20,,False,gradual_promo_shift,False,20,14,0.0,-0.25
24,ground_truth_20260911_074932.csv,24,1510.933507262441,1070.0676,-684.4787047619049,1050,2015-05-14,2015-05-21,,False,gradual_promo_shift,False,20,14,0.0,-0.25
25,ground_truth_20260911_075000.csv,25,1578.5482790495164,1187.4478,-924.7803904761904,1050,2015-05-15,2015-05-22,would_retrain,False,gradual_promo_shift,False,20,14,0.0,-0.25
26,ground_truth_20260911_075027.csv,26,1527.9296207868067,1160.2775619047618,-886.9352190476191,1050,2015-05-16,2015-05-23,would_retrain,False,gradual_promo_shift,False,20,14,0.0,-0.25
27,ground_truth_20260911_075052.csv,27,1570.0204872391225,1179.1871904761904,-880.970619047619,1050,2015-05-17,2015-05-24,would_retrain,False,gradual_promo_shift,False,20,14,0.0,-0.25
28,ground_truth_20260911_075118.csv,28,1513.7371656423556,1080.0343714285716,-952.5113428571427,1050,2015-05-18,2015-05-25,,False,gradual_promo_shift,False,20,14,0.0,-0.25
29,ground_truth_20260911_075145.csv,29,1488.3087912088738,1040.6902761904762,-827.5637047619047,1050,2015-05-19,2015-05-26,,False,gradual_promo_shift,False,20,14,0.0,-0.25
30,ground_truth_20260911_075212.csv,30,1370.6707648177223,907.9127904761904,-660.7789238095238,1050,2015-05-20,2015-05-27,,False,gradual_promo_shift,False,20,14,0.0,-0.25
31,ground_truth_20260911_075247.csv,31,1217.6106626079502,760.5609904761905,-490.6624761904762,1050,2015-05-21,2015-05-28,,False,gradual_promo_shift,False,20,14,0.0,-0.25
32,ground_truth_20260911_075321.csv,32,1034.9817048896957,619.2026095238095,-250.23350476190475,1050,2015-05-22,2015-05-29,,False,gradual_promo_shift,False,20,14,0.0,-0.25
33,ground_truth_20260911_075350.csv,33,1050.5261700617775,613.6820666666667,-232.3668476190476,1050,2015-05-23,2015-05-30,,False,gradual_promo_shift,False,20,14,0.0,-0.25
34,ground_truth_20260911_075419.csv,34,1012.4063540302194,604.0136571428573,-242.01594285714285,1050,2015-05-24,2015-05-31,,False,gradual_promo_shift,False,20,14,0.0,-0.25
35,ground_truth_20260911_075448.csv,35,1192.9720674731818,790.3984380952382,-412.4550095238095,1050,2015-05-25,2015-06-01,,False,gradual_promo_shift,False,20,14,0.0,-0.25
36,ground_truth_20260911_075516.csv,36,1415.4803613233548,993.6052476190476,-716.6347523809524,1050,2015-05-26,2015-06-02,,False,gradual_promo_shift,False,20,14,0.0,-0.25
37,ground_truth_20260911_075545.csv,37,1721.9094821357342,1267.9447428571427,-1026.0725714285713,1050,2015-05-27,2015-06-03,would_retrain,False,gradual_promo_shift,False,20,14,0.0,-0.25
38,ground_truth_20260911_075614.csv,38,1803.8254912993211,1309.3051714285716,-1045.649857142857,1050,2015-05-28,2015-06-04,would_retrain,False,gradual_promo_shift,False,20,14,0.0,-0.25
39,ground_truth_20260911_075647.csv,39,2050.4272434697955,1561.0998761904762,-1399.219114285714,1050,2015-05-29,2015-06-05,would_retrain,False,gradual_promo_shift,False,20,14,0.0,-0.25
40,ground_truth_20260911_075717.csv,40,2056.9874949550904,1571.7722761904763,-1453.653323809524,1050,2015-05-30,2015-06-06,would_retrain,False,gradual_promo_shift,False,20,14,0.0,-0.25
41,ground_truth_20260911_075745.csv,41,2058.8744492740966,1575.2859428571428,-1457.2172190476192,1050,2015-05-31,2015-06-07,would_retrain,False,gradual_promo_shift,False,20,14,0.0,-0.25
42,ground_truth_20260911_075814.csv,42,1977.3816545164925,1462.8476666666668,-1295.5060095238096,1050,2015-06-01,2015-06-08,would_retrain,False,gradual_promo_shift,False,20,14,0.0,-0.25
43,ground_truth_20260911_075843.csv,43,1821.2946871091192,1249.7844095238095,-1043.3737428571428,1050,2015-06-02,2015-06-09,,False,gradual_promo_shift,False,20,14,0.0,-0.25
44,ground_truth_20260911_075913.csv,44,1557.4936907156468,999.223942857143,-766.4281142857142,1050,2015-06-03,2015-06-10,,False,gradual_promo_shift,False,20,14,0.0,-0.25
45,ground_truth_20260911_075942.csv,45,1456.6985797486107,949.6516666666668,-747.3405238095238,1050,2015-06-04,2015-06-11,,False,gradual_promo_shift,False,20,14,0.0,-0.25
46,ground_truth_20260911_080011.csv,46,1120.8599182472103,732.7064571428572,-520.5896190476191,1050,2015-06-05,2015-06-12,,False,gradual_promo_shift,False,20,14,0.0,-0.25
47,ground_truth_20260911_080041.csv,47,1098.273681164954,723.3347047619047,-475.0711047619048,1050,2015-06-06,2015-06-13,,False,gradual_promo_shift,False,20,14,0.0,-0.25
48,ground_truth_20260911_080111.csv,48,1101.1357085851125,725.0269999999999,-474.88541904761905,1050,2015-06-07,2015-06-14,,False,gradual_promo_shift,False,20,14,0.0,-0.25
49,ground_truth_20260911_080144.csv,49,1129.6775720256264,754.72,-534.9125142857143,1050,2015-06-08,2015-06-15,,False,gradual_promo_shift,False,20,14,0.0,-0.25
50,ground_truth_20260911_080215.csv,50,1289.8249949307815,906.4006476190476,-725.6621714285715,1050,2015-06-09,2015-06-16,,False,gradual_promo_shift,False,20,14,0.0,-0.25
51,ground_truth_20260911_080245.csv,51,1531.7050151175915,1117.343219047619,-962.9899047619047,1050,2015-06-10,2015-06-17,,False,gradual_promo_shift,False,20,14,0.0,-0.25
52,ground_truth_20260911_080315.csv,52,1819.6651544970207,1392.357257142857,-1252.924038095238,1050,2015-06-11,2015-06-18,would_retrain,False,gradual_promo_shift,False,20,14,0.0,-0.25
53,ground_truth_20260911_080346.csv,53,2045.8075111390729,1615.9691904761905,-1486.3416666666667,1050,2015-06-12,2015-06-19,would_retrain,False,gradual_promo_shift,False,20,14,0.0,-0.25
54,ground_truth_20260911_080417.csv,54,2052.227839755407,1616.5439333333334,-1510.3206190476192,1050,2015-06-13,2015-06-20,would_retrain,False,gradual_promo_shift,False,20,14,0.0,-0.25
55,ground_truth_20260911_080449.csv,55,2045.263151402982,1609.8564380952382,-1514.7662476190476,1050,2015-06-14,2015-06-21,would_retrain,False,gradual_promo_shift,False,20,14,0.0,-0.25
56,ground_truth_20260911_080520.csv,56,2036.9984831819168,1598.8997619047618,-1506.4971523809522,1050,2015-06-15,2015-06-22,would_retrain,False,gradual_promo_shift,False,20,14,0.0,-0.25
57,ground_truth_20260911_080551.csv,57,1961.2692964728587,1482.763819047619,-1367.5495714285714,1050,2015-06-16,2015-06-23,,False,gradual_promo_shift,False,20,14,0.0,-0.25
58,ground_truth_20260911_080623.csv,58,1774.7170996567313,1268.9940666666666,-1134.6824476190475,1050,2015-06-17,2015-06-24,,False,gradual_promo_shift,False,20,14,0.0,-0.25
59,ground_truth_20260911_080654.csv,59,1507.2973733768536,1033.1207047619048,-886.9888952380953,1050,2015-06-18,2015-06-25,,False,gradual_promo_shift,False,20,14,0.0,-0.25
60,ground_truth_20260911_080725.csv,60,1224.6974336593546,831.849980952381,-660.7117142857143,1050,2015-06-19,2015-06-26,,False,gradual_promo_shift,False,20,14,0.0,-0.25
61,ground_truth_20260911_080758.csv,61,1234.6128251931184,843.2480476190476,-651.6147142857143,1050,2015-06-20,2015-06-27,,False,gradual_promo_shift,False,20,14,0.0,-0.25
62,ground_truth_20260911_080829.csv,62,1232.1098230169102,839.6200857142858,-647.4764476190477,1050,2015-06-21,2015-06-28,,False,gradual_promo_shift,False,20,14,0.0,-0.25
63,ground_truth_20260911_080901.csv,63,1252.0612270930721,867.1110761904762,-670.5959904761905,1050,2015-06-22,2015-06-29,,False,gradual_promo_shift,False,20,14,0.0,-0.25
64,ground_truth_20260911_080933.csv,64,1464.1750271720543,1042.7888,-867.1210095238096,1050,2015-06-23,2015-06-30,,False,gradual_promo_shift,False,20,14,0.0,-0.25
65,ground_truth_20260911_081006.csv,65,1826.3748394305196,1333.6694,-1175.2580857142855,1050,2015-06-24,2015-07-01,would_retrain,False,gradual_promo_shift,False,20,14,0.0,-0.25
66,ground_truth_20260911_081038.csv,66,2176.335719700017,1645.1178,-1498.526676190476,1050,2015-06-25,2015-07-02,would_retrain,False,gradual_promo_shift,False,20,14,0.0,-0.25
67,ground_truth_20260911_081111.csv,67,2449.674406350207,1926.214057142857,-1804.6293904761903,1050,2015-06-26,2015-07-03,would_retrain,False,gradual_promo_shift,False,20,14,0.0,-0.25
68,ground_truth_20260911_081142.csv,68,2503.1751145973635,1989.7822380952382,-1915.2895333333336,1050,2015-06-27,2015-07-04,would_retrain,False,gradual_promo_shift,False,20,14,0.0,-0.25
69,ground_truth_20260911_081214.csv,69,2507.5338823190596,1997.4502857142854,-1916.0176761904763,1050,2015-06-28,2015-07-05,would_retrain,False,gradual_promo_shift,False,20,14,0.0,-0.25
70,ground_truth_20260911_081247.csv,70,2495.4152756712897,1957.8659523809524,-1813.0456476190475,1050,2015-06-29,2015-07-06,would_retrain,False,gradual_promo_shift,False,20,14,0.0,-0.25
71,ground_truth_20260911_081319.csv,71,2384.9679498701266,1802.7980285714286,-1652.4434380952382,1050,2015-06-30,2015-07-07,,False,gradual_promo_shift,False,20,14,0.0,-0.25
72,ground_truth_20260911_081352.csv,72,2117.274173843453,1497.916542857143,-1296.0302,1050,2015-07-01,2015-07-08,,False,gradual_promo_shift,False,20,14,0.0,-0.25
73,ground_truth_20260911_081424.csv,73,1740.9490614460838,1166.1987904761904,-926.2327142857142,1050,2015-07-02,2015-07-09,,False,gradual_promo_shift,False,20,14,0.0,-0.25
74,ground_truth_20260911_081458.csv,74,1277.2165376479172,849.8289523809524,-596.1833142857142,1050,2015-07-03,2015-07-10,,False,gradual_promo_shift,False,20,14,0.0,-0.25
75,ground_truth_20260911_081531.csv,75,1155.5989636272118,783.9088666666668,-522.4478380952382,1050,2015-07-04,2015-07-11,,False,gradual_promo_shift,False,20,14,0.0,-0.25
76,ground_truth_20260911_081604.csv,76,1154.5506135492512,783.4974571428571,-519.5205238095239,1050,2015-07-05,2015-07-12,,False,gradual_promo_shift,False,20,14,0.0,-0.25
77,ground_truth_20260911_081637.csv,77,1249.2493112621105,877.8656857142856,-717.074238095238,1050,2015-07-06,2015-07-13,,False,gradual_promo_shift,False,20,14,0.0,-0.25
78,ground_truth_20260911_081710.csv,78,1447.1450764931226,1038.3252,-884.587180952381,1050,2015-07-07,2015-07-14,,False,gradual_promo_shift,False,20,14,0.0,-0.25
79,ground_truth_20260911_081744.csv,79,1694.7997210751146,1278.166104761905,-1174.9883904761905,1050,2015-07-08,2015-07-15,would_retrain,False,gradual_promo_shift,False,20,14,0.0,-0.25
80,ground_truth_20260911_081817.csv,80,1978.8938862200628,1553.7637809523812,-1488.0829238095237,1050,2015-07-09,2015-07-16,would_retrain,False,gradual_promo_shift,False,20,14,0.0,-0.25
81,ground_truth_20260911_081851.csv,81,2317.327997707273,1877.897152380952,-1825.895857142857,1050,2015-07-10,2015-07-17,would_retrain,False,gradual_promo_shift,False,20,14,0.0,-0.25
82,ground_truth_20260911_081925.csv,82,2299.819456896873,1857.0811142857144,-1778.7109428571428,1050,2015-07-11,2015-07-18,would_retrain,False,gradual_promo_shift,False,20,14,0.0,-0.25
83,ground_truth_20260911_081959.csv,83,2298.668540198724,1853.4875714285715,-1776.4767714285713,1050,2015-07-12,2015-07-19,would_retrain,False,gradual_promo_shift,False,20,14,0.0,-0.25
84,ground_truth_20260911_082033.csv,84,2246.716240150521,1760.4904285714285,-1595.6653999999999,1050,2015-07-13,2015-07-20,would_retrain,False,gradual_promo_shift,False,20,14,0.0,-0.25
85,ground_truth_20260911_082108.csv,85,2107.1072849254506,1576.0117523809524,-1393.3758095238097,1050,2015-07-14,2015-07-21,,False,gradual_promo_shift,False,20,14,0.0,-0.25
86,ground_truth_20260911_082142.csv,86,1927.1161049696093,1376.4523904761904,-1184.0149428571428,1050,2015-07-15,2015-07-22,,False,gradual_promo_shift,False,20,14,0.0,-0.25
87,ground_truth_20260911_082218.csv,87,1634.6260714345126,1098.5192095238094,-867.026980952381,1050,2015-07-16,2015-07-23,,False,gradual_promo_shift,False,20,14,0.0,-0.25
88,ground_truth_20260911_082252.csv,88,1155.30447708233,821.5895999999999,-580.1611238095237,1050,2015-07-17,2015-07-24,,False,gradual_promo_shift,False,20,14,0.0,-0.25
89,ground_truth_20260911_082327.csv,89,1236.488913499526,875.3254476190475,-633.7520761904763,1050,2015-07-18,2015-07-25,,False,gradual_promo_shift,False,20,14,0.0,-0.25
90,ground_truth_20260911_082402.csv,90,1227.0515099230272,871.1523047619048,-637.0131238095238,1050,2015-07-19,2015-07-26,,False,gradual_promo_shift,False,20,14,0.0,-0.25
91,ground_truth_20260911_082437.csv,91,1368.420405475598,990.5312476190477,-829.5987523809523,1050,2015-07-20,2015-07-27,,False,gradual_promo_shift,False,20,14,0.0,-0.25
92,ground_truth_20260911_082512.csv,92,1626.2705641238822,1209.044857142857,-1065.511219047619,1050,2015-07-21,2015-07-28,,False,gradual_promo_shift,False,20,14,0.0,-0.25
93,ground_truth_20260911_082547.csv,93,1980.8055705907707,1497.7504000000001,-1362.2967428571428,1050,2015-07-22,2015-07-29,would_retrain,False,gradual_promo_shift,False,20,14,0.0,-0.25
94,ground_truth_20260911_082623.csv,94,2487.876042334639,1945.190019047619,-1849.3740190476192,1050,2015-07-23,2015-07-30,would_retrain,False,gradual_promo_shift,False,20,14,0.0,-0.25
