day,latest_batch_file,cumulative_days,rmse,mae,bias,n_samples,window_start,window_end,event,champion_promoted,candidate_run_id,scenario,retraining_enabled,drift_start_day,drift_duration_days,maximum_base_uplift,maximum_promo_uplift
1,ground_truth_simulation_0001.csv,1,774.1144537049539,583.8476570915619,-250.03790843806104,1114,2015-04-21T00:00:00,2015-04-28T00:00:00+00:00,,False,,gradual_promo_shift,True,20,14,0.0,-0.25
2,ground_truth_simulation_0002.csv,2,786.6742195000835,586.848313144908,33.34035441902199,2229,2015-04-22T00:00:00,2015-04-29T00:00:00+00:00,,False,,gradual_promo_shift,True,20,14,0.0,-0.25
3,ground_truth_simulation_0003.csv,3,858.6746763966713,644.7995633971293,-3.736812200956936,3344,2015-04-23T00:00:00,2015-04-30T00:00:00+00:00,,False,,gradual_promo_shift,True,20,14,0.0,-0.25
4,ground_truth_simulation_0004.csv,4,880.8502178670384,650.8818549346015,-2.738852556480389,3364,2015-04-24T00:00:00,2015-05-01T00:00:00+00:00,,False,,gradual_promo_shift,True,20,14,0.0,-0.25
5,ground_truth_simulation_0005.csv,5,898.0441521644905,672.5714266577361,-60.39235543648137,4479,2015-04-25T00:00:00,2015-05-02T00:00:00+00:00,,False,,gradual_promo_shift,True,20,14,0.0,-0.25
6,ground_truth_simulation_0006.csv,6,900.6031227546614,673.7749933510638,-60.84538785460992,4512,2015-04-26T00:00:00,2015-05-03T00:00:00+00:00,,False,,gradual_promo_shift,True,20,14,0.0,-0.25
7,ground_truth_simulation_0007.csv,7,987.2976054822428,734.8370991823676,53.00232136509064,5626,2015-04-27T00:00:00,2015-05-04T00:00:00+00:00,,False,,gradual_promo_shift,True,20,14,0.0,-0.25
8,ground_truth_simulation_0008.csv,8,1026.1528899364482,777.7918453333333,-32.746906666666675,5625,2015-04-28T00:00:00,2015-05-05T00:00:00+00:00,,False,,gradual_promo_shift,True,20,14,0.0,-0.25
9,ground_truth_simulation_0009.csv,9,999.0737211665393,753.9347536902009,-96.93543659967987,5623,2015-04-29T00:00:00,2015-05-06T00:00:00+00:00,,False,,gradual_promo_shift,True,20,14,0.0,-0.25
10,ground_truth_simulation_0010.csv,10,936.275097869564,695.0065795090716,-113.88463002490218,5622,2015-04-30T00:00:00,2015-05-07T00:00:00+00:00,,False,,gradual_promo_shift,True,20,14,0.0,-0.25
11,ground_truth_simulation_0011.csv,11,890.9753149910784,665.8454988088148,-52.014608397855866,6716,2015-05-01T00:00:00,2015-05-08T00:00:00+00:00,,False,,gradual_promo_shift,True,20,14,0.0,-0.25
12,ground_truth_simulation_0012.csv,12,848.652118483503,628.9362814594192,-37.81724348473566,6715,2015-05-02T00:00:00,2015-05-09T00:00:00+00:00,,False,,gradual_promo_shift,True,20,14,0.0,-0.25
13,ground_truth_simulation_0013.csv,13,848.7802549799002,628.8215981531129,-36.13976318141197,6714,2015-05-03T00:00:00,2015-05-10T00:00:00+00:00,,False,,gradual_promo_shift,True,20,14,0.0,-0.25
14,ground_truth_simulation_0014.csv,14,962.0604751297195,687.4858504617217,-332.32212689901695,6714,2015-05-04T00:00:00,2015-05-11T00:00:00+00:00,,False,,gradual_promo_shift,True,20,14,0.0,-0.25
15,ground_truth_simulation_0015.csv,15,955.57486848368,673.0664765450484,-323.4425807892777,6715,2015-05-05T00:00:00,2015-05-12T00:00:00+00:00,,False,,gradual_promo_shift,True,20,14,0.0,-0.25
16,ground_truth_simulation_0016.csv,16,995.6536211336942,709.905626861227,-238.47571024419298,6716,2015-05-06T00:00:00,2015-05-13T00:00:00+00:00,,False,,gradual_promo_shift,True,20,14,0.0,-0.25
17,ground_truth_simulation_0017.csv,17,1075.9323839823708,765.1727156549521,-247.45325878594252,5634,2015-05-07T00:00:00,2015-05-14T00:00:00+00:00,,False,,gradual_promo_shift,True,20,14,0.0,-0.25
18,ground_truth_simulation_0018.csv,18,1121.6212862272714,788.56671162378,-258.10129192546583,5635,2015-05-08T00:00:00,2015-05-15T00:00:00+00:00,,False,,gradual_promo_shift,True,20,14,0.0,-0.25
19,ground_truth_simulation_0019.csv,19,1174.4596487771662,858.2788005677786,-387.26116749467707,5636,2015-05-09T00:00:00,2015-05-16T00:00:00+00:00,,False,,gradual_promo_shift,True,20,14,0.0,-0.25
20,ground_truth_simulation_0020.csv,20,1172.5878724717832,856.9189513839602,-388.40787970191633,5636,2015-05-10T00:00:00,2015-05-17T00:00:00+00:00,,False,,gradual_promo_shift,True,20,14,0.0,-0.25
21,ground_truth_simulation_0021.csv,21,982.412238294571,722.7543001596594,-153.8925510023062,5637,2015-05-11T00:00:00,2015-05-18T00:00:00+00:00,,False,,gradual_promo_shift,True,20,14,0.0,-0.25
22,ground_truth_simulation_0022.csv,22,927.517457106821,671.7446842852075,-32.931048244058175,5638,2015-05-12T00:00:00,2015-05-19T00:00:00+00:00,,False,,gradual_promo_shift,True,20,14,0.0,-0.25
23,ground_truth_simulation_0023.csv,23,891.3765382289554,642.6261553466926,-215.4161925873382,5639,2015-05-13T00:00:00,2015-05-20T00:00:00+00:00,,False,,gradual_promo_shift,True,20,14,0.0,-0.25
24,ground_truth_simulation_0024.csv,24,845.1598550600105,624.967714965784,-264.02563225230585,6722,2015-05-14T00:00:00,2015-05-21T00:00:00+00:00,,False,,gradual_promo_shift,True,20,14,0.0,-0.25
25,ground_truth_simulation_0025.csv,25,878.678477189943,678.9607512645046,-455.5687250818209,6722,2015-05-15T00:00:00,2015-05-22T00:00:00+00:00,,False,,gradual_promo_shift,True,20,14,0.0,-0.25
26,ground_truth_simulation_0026.csv,26,808.4667014128995,610.6975185956561,-332.6643201428146,6722,2015-05-16T00:00:00,2015-05-23T00:00:00+00:00,,False,,gradual_promo_shift,True,20,14,0.0,-0.25
27,ground_truth_simulation_0027.csv,27,813.7952864476827,613.2158330853913,-329.5273058613508,6722,2015-05-17T00:00:00,2015-05-24T00:00:00+00:00,,False,,gradual_promo_shift,True,20,14,0.0,-0.25
28,ground_truth_simulation_0028.csv,28,820.9669997737856,611.8290939716312,-367.28253368794327,5640,2015-05-18T00:00:00,2015-05-25T00:00:00+00:00,,False,,gradual_promo_shift,True,20,14,0.0,-0.25
29,ground_truth_simulation_0029.csv,29,826.6562740374816,621.891414893617,-384.8612234042554,5640,2015-05-19T00:00:00,2015-05-26T00:00:00+00:00,,False,,gradual_promo_shift,True,20,14,0.0,-0.25
30,ground_truth_simulation_0030.csv,30,808.2965546287223,603.3919273049646,-295.1815478723404,5640,2015-05-20T00:00:00,2015-05-27T00:00:00+00:00,retrain,False,8ed5946972884d37b0f7e0a28ee47077,gradual_promo_shift,True,20,14,0.0,-0.25
31,ground_truth_simulation_0031.csv,31,794.7187322634168,585.4983705673759,-189.8134060283688,5640,2015-05-21T00:00:00,2015-05-28T00:00:00+00:00,,False,,gradual_promo_shift,True,20,14,0.0,-0.25
32,ground_truth_simulation_0032.csv,32,874.0437177558135,609.5704716312057,197.71362056737587,5640,2015-05-22T00:00:00,2015-05-29T00:00:00+00:00,,False,,gradual_promo_shift,True,20,14,0.0,-0.25
33,ground_truth_simulation_0033.csv,33,901.9747618198343,636.4529024822696,195.11275354609927,5640,2015-05-23T00:00:00,2015-05-30T00:00:00+00:00,,False,,gradual_promo_shift,True,20,14,0.0,-0.25
34,ground_truth_simulation_0034.csv,34,897.5730276387696,634.859725177305,193.46807624113475,5640,2015-05-24T00:00:00,2015-05-31T00:00:00+00:00,,False,,gradual_promo_shift,True,20,14,0.0,-0.25
35,ground_truth_simulation_0035.csv,35,1034.7702508788307,745.1918357631656,-56.77683427551323,6722,2015-05-25T00:00:00,2015-06-01T00:00:00+00:00,,False,,gradual_promo_shift,True,20,14,0.0,-0.25
36,ground_truth_simulation_0036.csv,36,1161.4221070750943,872.7780496875931,-248.02847515620354,6722,2015-05-26T00:00:00,2015-06-02T00:00:00+00:00,,False,,gradual_promo_shift,True,20,14,0.0,-0.25
37,ground_truth_simulation_0037.csv,37,1295.935084691232,1020.6110816842731,-475.9143490552001,6721,2015-05-27T00:00:00,2015-06-03T00:00:00+00:00,,False,,gradual_promo_shift,True,20,14,0.0,-0.25
38,ground_truth_simulation_0038.csv,38,1410.1529706186197,1147.2996787015568,-582.0623020867837,6038,2015-05-28T00:00:00,2015-06-04T00:00:00+00:00,,False,,gradual_promo_shift,True,20,14,0.0,-0.25
39,ground_truth_simulation_0039.csv,39,1652.6676742132051,1356.1582129844319,-1181.6225356078173,6038,2015-05-29T00:00:00,2015-06-05T00:00:00+00:00,retrain,False,2bb1b01b16044ab780600f7c7aa3112c,gradual_promo_shift,True,20,14,0.0,-0.25
40,ground_truth_simulation_0040.csv,40,1648.8325538169017,1353.3546571712488,-1244.567525670752,6038,2015-05-30T00:00:00,2015-06-06T00:00:00+00:00,,False,,gradual_promo_shift,True,20,14,0.0,-0.25
41,ground_truth_simulation_0041.csv,41,1647.954674415818,1351.8504901473752,-1247.019726775956,6039,2015-05-31T00:00:00,2015-06-07T00:00:00+00:00,,False,,gradual_promo_shift,True,20,14,0.0,-0.25
42,ground_truth_simulation_0042.csv,42,1624.7570507786213,1321.211538334161,-805.4070972015235,6039,2015-06-01T00:00:00,2015-06-08T00:00:00+00:00,,False,,gradual_promo_shift,True,20,14,0.0,-0.25
43,ground_truth_simulation_0043.csv,43,1537.251757592661,1199.3269779764862,-473.4518695148203,6039,2015-06-02T00:00:00,2015-06-09T00:00:00+00:00,,False,,gradual_promo_shift,True,20,14,0.0,-0.25
44,ground_truth_simulation_0044.csv,44,1411.6582141229026,1032.5463741721853,-172.97697682119212,6040,2015-06-03T00:00:00,2015-06-10T00:00:00+00:00,,False,,gradual_promo_shift,True,20,14,0.0,-0.25
45,ground_truth_simulation_0045.csv,45,1346.410188999238,982.0040101145323,20.922064554514392,6723,2015-06-04T00:00:00,2015-06-11T00:00:00+00:00,,False,,gradual_promo_shift,True,20,14,0.0,-0.25
46,ground_truth_simulation_0046.csv,46,954.181287839235,708.3034067241892,322.1526509967271,6722,2015-06-05T00:00:00,2015-06-12T00:00:00+00:00,,False,,gradual_promo_shift,True,20,14,0.0,-0.25
47,ground_truth_simulation_0047.csv,47,941.4222631530204,693.8036482666271,389.7169260526708,6721,2015-06-06T00:00:00,2015-06-13T00:00:00+00:00,,False,,gradual_promo_shift,True,20,14,0.0,-0.25
48,ground_truth_simulation_0048.csv,48,941.5703071266344,694.1665877976191,391.28064136904766,6720,2015-06-07T00:00:00,2015-06-14T00:00:00+00:00,,False,,gradual_promo_shift,True,20,14,0.0,-0.25
49,ground_truth_simulation_0049.csv,49,833.3078114096987,630.0526328322668,113.76581931835095,6719,2015-06-08T00:00:00,2015-06-15T00:00:00+00:00,,False,,gradual_promo_shift,True,20,14,0.0,-0.25
50,ground_truth_simulation_0050.csv,50,833.2463661893333,631.7491396248884,-66.28257219410537,6718,2015-06-09T00:00:00,2015-06-16T00:00:00+00:00,,False,,gradual_promo_shift,True,20,14,0.0,-0.25
51,ground_truth_simulation_0051.csv,51,885.5971879863758,693.0113339288373,-244.8975777877028,6717,2015-06-10T00:00:00,2015-06-17T00:00:00+00:00,,False,,gradual_promo_shift,True,20,14,0.0,-0.25
52,ground_truth_simulation_0052.csv,52,890.851005333617,705.6075923168553,-536.919248064324,6716,2015-06-11T00:00:00,2015-06-18T00:00:00+00:00,,False,,gradual_promo_shift,True,20,14,0.0,-0.25
53,ground_truth_simulation_0053.csv,53,923.454934695148,743.0188103037523,-599.7063505062538,6716,2015-06-12T00:00:00,2015-06-19T00:00:00+00:00,,False,,gradual_promo_shift,True,20,14,0.0,-0.25
54,ground_truth_simulation_0054.csv,54,939.1160729390388,743.7411971411555,-587.8027575938058,6716,2015-06-13T00:00:00,2015-06-20T00:00:00+00:00,,False,,gradual_promo_shift,True,20,14,0.0,-0.25
55,ground_truth_simulation_0055.csv,55,938.2226997449441,743.0205017867779,-590.1373570577725,6716,2015-06-14T00:00:00,2015-06-21T00:00:00+00:00,,False,,gradual_promo_shift,True,20,14,0.0,-0.25
56,ground_truth_simulation_0056.csv,56,970.0465349646391,706.5307087552114,-458.03391899940436,6716,2015-06-15T00:00:00,2015-06-22T00:00:00+00:00,,False,,gradual_promo_shift,True,20,14,0.0,-0.25
57,ground_truth_simulation_0057.csv,57,972.5228303238142,678.2855896366884,-326.4576861226921,6716,2015-06-16T00:00:00,2015-06-23T00:00:00+00:00,,False,,gradual_promo_shift,True,20,14,0.0,-0.25
58,ground_truth_simulation_0058.csv,58,936.4048730153978,628.5522677188803,-133.20792287075645,6716,2015-06-17T00:00:00,2015-06-24T00:00:00+00:00,,False,,gradual_promo_shift,True,20,14,0.0,-0.25
59,ground_truth_simulation_0059.csv,59,848.1490046313045,540.6356209053007,59.35730345443719,6716,2015-06-18T00:00:00,2015-06-25T00:00:00+00:00,,False,,gradual_promo_shift,True,20,14,0.0,-0.25
60,ground_truth_simulation_0060.csv,60,792.8451792258257,472.02876730683346,206.70452434122376,6717,2015-06-19T00:00:00,2015-06-26T00:00:00+00:00,,False,,gradual_promo_shift,True,20,14,0.0,-0.25
61,ground_truth_simulation_0061.csv,61,778.2803229412127,471.9954376302471,188.86358291158083,6718,2015-06-20T00:00:00,2015-06-27T00:00:00+00:00,,False,,gradual_promo_shift,True,20,14,0.0,-0.25
62,ground_truth_simulation_0062.csv,62,778.4632374288798,472.16714498362614,188.94160166716287,6718,2015-06-21T00:00:00,2015-06-28T00:00:00+00:00,,False,,gradual_promo_shift,True,20,14,0.0,-0.25
63,ground_truth_simulation_0063.csv,63,763.0081758383361,504.80117428188714,101.88423128441731,6719,2015-06-22T00:00:00,2015-06-29T00:00:00+00:00,,False,,gradual_promo_shift,True,20,14,0.0,-0.25
64,ground_truth_simulation_0064.csv,64,781.349166956833,550.0505119047618,9.513523809523793,6720,2015-06-23T00:00:00,2015-06-30T00:00:00+00:00,,False,,gradual_promo_shift,True,20,14,0.0,-0.25
65,ground_truth_simulation_0065.csv,65,896.5649185552131,623.7353265883053,-200.57441303377473,6721,2015-06-24T00:00:00,2015-07-01T00:00:00+00:00,,False,,gradual_promo_shift,True,20,14,0.0,-0.25
66,ground_truth_simulation_0066.csv,66,961.3361328492466,695.2268605862222,-374.93105043892274,6721,2015-06-25T00:00:00,2015-07-02T00:00:00+00:00,,False,,gradual_promo_shift,True,20,14,0.0,-0.25
67,ground_truth_simulation_0067.csv,67,1019.9380460908623,776.1210669642857,-533.1971324404761,6720,2015-06-26T00:00:00,2015-07-03T00:00:00+00:00,,False,,gradual_promo_shift,True,20,14,0.0,-0.25
68,ground_truth_simulation_0068.csv,68,1046.4084901139147,796.1127236195862,-588.490083345736,6719,2015-06-27T00:00:00,2015-07-04T00:00:00+00:00,,False,,gradual_promo_shift,True,20,14,0.0,-0.25
69,ground_truth_simulation_0069.csv,69,1047.5491764608735,796.9313199404761,-587.2453050595238,6720,2015-06-28T00:00:00,2015-07-05T00:00:00+00:00,retrain,True,287931a2be644ac38f7276137596d680,gradual_promo_shift,True,20,14,0.0,-0.25
70,ground_truth_simulation_0070.csv,70,1065.812891578784,816.1545482958774,-413.81627474326535,6719,2015-06-29T00:00:00,2015-07-06T00:00:00+00:00,,False,,gradual_promo_shift,True,20,14,0.0,-0.25
71,ground_truth_simulation_0071.csv,71,1041.8844586138769,772.0311670139921,-351.5211283119977,6718,2015-06-30T00:00:00,2015-07-07T00:00:00+00:00,,False,,gradual_promo_shift,True,20,14,0.0,-0.25
72,ground_truth_simulation_0072.csv,72,1010.0545551634998,759.6801057019503,-65.36277058210514,6717,2015-07-01T00:00:00,2015-07-08T00:00:00+00:00,,False,,gradual_promo_shift,True,20,14,0.0,-0.25
73,ground_truth_simulation_0073.csv,73,1006.4639837649306,752.0466473127884,196.98426827452732,6717,2015-07-02T00:00:00,2015-07-09T00:00:00+00:00,,False,,gradual_promo_shift,True,20,14,0.0,-0.25
74,ground_truth_simulation_0074.csv,74,968.0833916825248,712.5199047193687,434.29104659818364,6717,2015-07-03T00:00:00,2015-07-10T00:00:00+00:00,,False,,gradual_promo_shift,True,20,14,0.0,-0.25
75,ground_truth_simulation_0075.csv,75,933.5097389217867,684.7094937462775,502.8011465157833,6716,2015-07-04T00:00:00,2015-07-11T00:00:00+00:00,,False,,gradual_promo_shift,True,20,14,0.0,-0.25
76,ground_truth_simulation_0076.csv,76,934.8114397792685,685.0075174981386,504.18911690245716,6715,2015-07-05T00:00:00,2015-07-12T00:00:00+00:00,,False,,gradual_promo_shift,True,20,14,0.0,-0.25
77,ground_truth_simulation_0077.csv,77,1019.4698000704823,755.5400610664283,166.15465147453077,6714,2015-07-06T00:00:00,2015-07-13T00:00:00+00:00,,False,,gradual_promo_shift,True,20,14,0.0,-0.25
78,ground_truth_simulation_0078.csv,78,1056.1919492887553,815.5140563086547,23.861263220616667,6713,2015-07-07T00:00:00,2015-07-14T00:00:00+00:00,,False,,gradual_promo_shift,True,20,14,0.0,-0.25
79,ground_truth_simulation_0079.csv,79,1001.808676243975,769.0069725864125,-202.10571215733012,6712,2015-07-08T00:00:00,2015-07-15T00:00:00+00:00,,False,,gradual_promo_shift,True,20,14,0.0,-0.25
80,ground_truth_simulation_0080.csv,80,971.1467377507324,745.5618882265277,-432.46472578241423,6710,2015-07-09T00:00:00,2015-07-16T00:00:00+00:00,,False,,gradual_promo_shift,True,20,14,0.0,-0.25
81,ground_truth_simulation_0081.csv,81,1019.082918408819,796.3769648181276,-681.5443500298152,6708,2015-07-10T00:00:00,2015-07-17T00:00:00+00:00,,False,,gradual_promo_shift,True,20,14,0.0,-0.25
82,ground_truth_simulation_0082.csv,82,1050.3896758006633,822.1425193798449,-615.3710494931426,6708,2015-07-11T00:00:00,2015-07-18T00:00:00+00:00,,False,,gradual_promo_shift,True,20,14,0.0,-0.25
83,ground_truth_simulation_0083.csv,83,1052.5065182206515,823.5335092426952,-612.6180679785331,6708,2015-07-12T00:00:00,2015-07-19T00:00:00+00:00,,False,,gradual_promo_shift,True,20,14,0.0,-0.25
84,ground_truth_simulation_0084.csv,84,957.6310400543372,745.9357513416817,-273.44328562909965,6708,2015-07-13T00:00:00,2015-07-20T00:00:00+00:00,,False,,gradual_promo_shift,True,20,14,0.0,-0.25
85,ground_truth_simulation_0085.csv,85,908.9680861496382,690.3811702444841,-80.69768783542041,6708,2015-07-14T00:00:00,2015-07-21T00:00:00+00:00,,False,,gradual_promo_shift,True,20,14,0.0,-0.25
86,ground_truth_simulation_0086.csv,86,886.748183716086,658.810102862254,33.13478085867622,6708,2015-07-15T00:00:00,2015-07-22T00:00:00+00:00,,False,,gradual_promo_shift,True,20,14,0.0,-0.25
87,ground_truth_simulation_0087.csv,87,911.7973324457304,669.1903472946788,245.011372782829,6709,2015-07-16T00:00:00,2015-07-23T00:00:00+00:00,,False,,gradual_promo_shift,True,20,14,0.0,-0.25
88,ground_truth_simulation_0088.csv,88,830.4148524401459,586.4427675111774,447.16821013412823,6710,2015-07-17T00:00:00,2015-07-24T00:00:00+00:00,,False,,gradual_promo_shift,True,20,14,0.0,-0.25
89,ground_truth_simulation_0089.csv,89,808.7273855428692,579.8291803278689,362.3513204172877,6710,2015-07-18T00:00:00,2015-07-25T00:00:00+00:00,,False,,gradual_promo_shift,True,20,14,0.0,-0.25
90,ground_truth_simulation_0090.csv,90,806.3507428939089,578.4078822652757,359.7904187779434,6710,2015-07-19T00:00:00,2015-07-26T00:00:00+00:00,,False,,gradual_promo_shift,True,20,14,0.0,-0.25
91,ground_truth_simulation_0091.csv,91,868.351720922874,625.2512131147541,62.97084947839046,6710,2015-07-20T00:00:00,2015-07-27T00:00:00+00:00,,False,,gradual_promo_shift,True,20,14,0.0,-0.25
92,ground_truth_simulation_0092.csv,92,907.0810090263078,671.6567213114754,-119.5826289120715,6710,2015-07-21T00:00:00,2015-07-28T00:00:00+00:00,,False,,gradual_promo_shift,True,20,14,0.0,-0.25
93,ground_truth_simulation_0093.csv,93,967.4266528476923,747.8264888226528,-286.0527362146051,6710,2015-07-22T00:00:00,2015-07-29T00:00:00+00:00,,False,,gradual_promo_shift,True,20,14,0.0,-0.25
94,ground_truth_simulation_0094.csv,94,983.2981553014528,773.1015126676602,-531.0036318926975,6710,2015-07-23T00:00:00,2015-07-30T00:00:00+00:00,,False,,gradual_promo_shift,True,20,14,0.0,-0.25
95,ground_truth_simulation_0095.csv,95,1016.5130330432395,813.834172876304,-636.764614008942,6710,2015-07-24T00:00:00,2015-07-31T00:00:00+00:00,,False,,gradual_promo_shift,True,20,14,0.0,-0.25
